<?xml version="1.0" encoding="UTF-8"?>
<sparql>
    <head>
        <variable name="a"/>
        <variable name="n"/>
        <variable name="e"/>
        <variable name="w"/>
    </head>
    <results>
        <result>
            <binding name="a">
                <uri>http://mappingpedia.linkeddata.es/resources/Person/B2</uri>
            </binding>
            <binding name="n">
                <literal>John</literal>
            </binding>
            <binding name="e">
                <literal>john@acd.edu</literal>
            </binding>
        </result>
        <result>
            <binding name="a">
                <uri>http://mappingpedia.linkeddata.es/resources/Person/B4</uri>
            </binding>
            <binding name="n">
                <literal>Ringo</literal>
            </binding>
            <binding name="e">
                <literal>ringo@acd.edu</literal>
            </binding>
        </result>
        <result>
            <binding name="a">
                <uri>http://mappingpedia.linkeddata.es/resources/Person/B3</uri>
            </binding>
            <binding name="n">
                <literal>George</literal>
            </binding>
            <binding name="w">
                <literal>www.george.edu</literal>
            </binding>
        </result>
        <result>
            <binding name="a">
                <uri>http://mappingpedia.linkeddata.es/resources/Person/B4</uri>
            </binding>
            <binding name="n">
                <literal>Ringo</literal>
            </binding>
            <binding name="w">
                <literal>www.starr.edu</literal>
            </binding>
        </result>
    </results>
</sparql>
