<?xml version="1.0" encoding="UTF-8"?>
<sparql>
    <head>
        <variable name="a"/>
        <variable name="n"/>
        <variable name="p"/>
    </head>
    <results>
        <result>
            <binding name="a">
                <uri>http://mappingpedia.linkeddata.es/resources/Person/B1</uri>
            </binding>
            <binding name="n">
                <literal>Paul</literal>
            </binding>
            <binding name="p">
                <literal>777-3426</literal>
            </binding>
        </result>
    </results>
</sparql>
